Lorsque j'avais six ans,	0.000000	0.600000
j'ai vu, une fois,	0.800000	0.600000
une magnifique image,	1.600000	0.600000
dans un livre sur la forêt vierge	2.400000	0.600000
qui s'appelait histoires vécues.	3.200000	0.600000
ça représentait un serpent boa	4.000000	0.600000
qui avalait un fauve.	4.800000	0.600000
	5.600000	0.600000
Voilà la copie	6.400000	0.600000
du dessin.	7.200000	0.600000
	8.000000	0.600000
On disait	8.800000	0.600000
dans le	9.600000	0.600000
livre :	10.400000	0.600000
	11.200000	0.600000
Les serpents boas	12.000000	0.600000
avalent	12.800000	0.600000
leur proie	13.600000	0.600000
tout entière,	14.400000	0.600000
sans la mâcher.	15.200000	0.600000
ensuite	16.000000	0.600000
ils ne peuvent plus bouger	16.800000	0.600000
et ils dorment pendant	17.600000	0.600000
les six mois	18.400000	0.600000
de leur	19.200000	0.600000
digestion.	20.000000	0.600000
	20.800000	0.600000
J'ai alors	21.600000	0.600000
beaucoup réfléchi	22.400000	0.600000
sur les aventures	23.200000	0.600000
de la jungle	24.000000	0.600000
et, à mon tour,	24.800000	0.600000
j'ai réussi,	25.600000	0.600000
avec un crayon de couleur,	26.400000	0.600000
à tracer	27.200000	0.600000
mon premier dessin.	28.000000	0.600000
	28.800000	0.600000
Mon dessin	29.600000	0.600000
numéro 1.	30.400000	0.600000
il	31.200000	0.600000
était	32.000000	0.600000
comme	32.800000	0.600000
ça	33.600000	0.600000
:	34.400000	0.600000
j'ai	35.200000	0.600000
montré	36.000000	0.600000
mon	36.800000	0.600000
chef-d'oeuvre	37.600000	0.600000
aux	38.400000	0.600000
grandes	39.200000	0.600000
personnes	40.000000	0.600000
et	40.800000	0.600000
je	41.600000	0.600000
leur	42.400000	0.600000
ai	43.200000	0.600000
demandé	44.000000	0.600000
si	44.800000	0.600000
mon	45.600000	0.600000
dessin	46.400000	0.600000
leur	47.200000	0.600000
faisait	48.000000	0.600000
peur.	48.800000	0.600000
elles	49.600000	0.600000
m'ont	50.400000	0.600000
répondu	51.200000	0.600000
:	52.000000	0.600000
"pourquoi	52.800000	0.600000
un	53.600000	0.600000
chapeau	54.400000	0.600000
ferait-il	55.200000	0.600000
peur?"	56.000000	0.600000
mon	56.800000	0.600000
dessin	57.600000	0.600000
ne	58.400000	0.600000
représentait	59.200000	0.600000
pas	60.000000	0.600000
un	60.800000	0.600000
chapeau.	61.600000	0.600000
il	62.400000	0.600000
représentait	63.200000	0.600000
un	64.000000	0.600000
serpent	64.800000	0.600000
boa	65.600000	0.600000
qui	66.400000	0.600000
digérait	67.200000	0.600000
un	68.000000	0.600000
éléphant.	68.800000	0.600000
j'ai	69.600000	0.600000
alors	70.400000	0.600000
dessiné	71.200000	0.600000
l'intérieur	72.000000	0.600000
du	72.800000	0.600000
serpent	73.600000	0.600000
boa,	74.400000	0.600000
afin	75.200000	0.600000
que	76.000000	0.600000
les	76.800000	0.600000
grandes	77.600000	0.600000
personnes	78.400000	0.600000
puissent	79.200000	0.600000
comprendre.	80.000000	0.600000
elles	80.800000	0.600000
ont	81.600000	0.600000
toujours	82.400000	0.600000
besoin	83.200000	0.600000
d'explications.	84.000000	0.600000
mon	84.800000	0.600000
dessin	85.600000	0.600000
numéro	86.400000	0.600000
2	87.200000	0.600000
était	88.000000	0.600000
comme	88.800000	0.600000
ça	89.600000	0.600000
:	90.400000	0.600000
les	91.200000	0.600000
grandes	92.000000	0.600000
personnes	92.800000	0.600000
m'ont	93.600000	0.600000
conseillé	94.400000	0.600000
de	95.200000	0.600000
laisser	96.000000	0.600000
de	96.800000	0.600000
côté	97.600000	0.600000
les	98.400000	0.600000
dessins	99.200000	0.600000
de	100.000000	0.600000
serpents	100.800000	0.600000
boas	101.600000	0.600000
ouverts	102.400000	0.600000
ou	103.200000	0.600000
fermés,	104.000000	0.600000
et	104.800000	0.600000
de	105.600000	0.600000
m'intéresser	106.400000	0.600000
plutôt	107.200000	0.600000
à	108.000000	0.600000
la	108.800000	0.600000
géographie,	109.600000	0.600000
à	110.400000	0.600000
l'histoire,	111.200000	0.600000
au	112.000000	0.600000
calcul	112.800000	0.600000
et	113.600000	0.600000
à	114.400000	0.600000
la	115.200000	0.600000
grammaire.	116.000000	0.600000
c'est	116.800000	0.600000
ainsi	117.600000	0.600000
que	118.400000	0.600000
j'ai	119.200000	0.600000
abandonné,	120.000000	0.600000
à	120.800000	0.600000
l'âge	121.600000	0.600000
de	122.400000	0.600000
six	123.200000	0.600000
ans,	124.000000	0.600000
une	124.800000	0.600000
magnifique	125.600000	0.600000
carrière	126.400000	0.600000
de	127.200000	0.600000
peintre.	128.000000	0.600000
j'avais	128.800000	0.600000
été	129.600000	0.600000
découragé	130.400000	0.600000
par	131.200000	0.600000
l'insuccès	132.000000	0.600000
de	132.800000	0.600000
mon	133.600000	0.600000
dessin	134.400000	0.600000
numéro	135.200000	0.600000
1	136.000000	0.600000
et	136.800000	0.600000
de	137.600000	0.600000
mon	138.400000	0.600000
dessin	139.200000	0.600000
numéro	140.000000	0.600000
2.	140.800000	0.600000
les	141.600000	0.600000
grandes	142.400000	0.600000
personnes	143.200000	0.600000
ne	144.000000	0.600000
comprennent	144.800000	0.600000
jamais	145.600000	0.600000
rien	146.400000	0.600000
toutes	147.200000	0.600000
seules,	148.000000	0.600000
et	148.800000	0.600000
c'est	149.600000	0.600000
fatigant,	150.400000	0.600000
pour	151.200000	0.600000
les	152.000000	0.600000
enfants,	152.800000	0.600000
de	153.600000	0.600000
toujours	154.400000	0.600000
et	155.200000	0.600000
toujours	156.000000	0.600000
leur	156.800000	0.600000
donner	157.600000	0.600000
des	158.400000	0.600000
explications...	159.200000	0.600000
j'ai	160.000000	0.600000
donc	160.800000	0.600000
dû	161.600000	0.600000
choisir	162.400000	0.600000
un	163.200000	0.600000
autre	164.000000	0.600000
métier	164.800000	0.600000
et	165.600000	0.600000
j'ai	166.400000	0.600000
appris	167.200000	0.600000
à	168.000000	0.600000
piloter	168.800000	0.600000
des	169.600000	0.600000
avions.	170.400000	0.600000
j'ai	171.200000	0.600000
volé	172.000000	0.600000
un	172.800000	0.600000
peu	173.600000	0.600000
partout	174.400000	0.600000
dans	175.200000	0.600000
le	176.000000	0.600000
monde.	176.800000	0.600000
et	177.600000	0.600000
la	178.400000	0.600000
géographie,	179.200000	0.600000
c'est	180.000000	0.600000
exact,	180.800000	0.600000
m'a	181.600000	0.600000
beaucoup	182.400000	0.600000
servi.	183.200000	0.600000
je	184.000000	0.600000
savais	184.800000	0.600000
reconnaître,	185.600000	0.600000
du	186.400000	0.600000
premier	187.200000	0.600000
coup	188.000000	0.600000
d'oeil,	188.800000	0.600000
la	189.600000	0.600000
chine	190.400000	0.600000
de	191.200000	0.600000
l'arizona.	192.000000	0.600000
c'est	192.800000	0.600000
très	193.600000	0.600000
utile,	194.400000	0.600000
si	195.200000	0.600000
l'on	196.000000	0.600000
s'est	196.800000	0.600000
égaré	197.600000	0.600000
pendant	198.400000	0.600000
la	199.200000	0.600000
nuit.	200.000000	0.600000
j'ai	200.800000	0.600000
ainsi	201.600000	0.600000
eu,	202.400000	0.600000
au	203.200000	0.600000
cours	204.000000	0.600000
de	204.800000	0.600000
ma	205.600000	0.600000
vie,	206.400000	0.600000
des	207.200000	0.600000
tas	208.000000	0.600000
de	208.800000	0.600000
contacts	209.600000	0.600000
avec	210.400000	0.600000
des	211.200000	0.600000
tas	212.000000	0.600000
de	212.800000	0.600000
gens	213.600000	0.600000
sérieux.	214.400000	0.600000
j'ai	215.200000	0.600000
beaucoup	216.000000	0.600000
vécu	216.800000	0.600000
chez	217.600000	0.600000
les	218.400000	0.600000
grandes	219.200000	0.600000
personnes.	220.000000	0.600000
je	220.800000	0.600000
les	221.600000	0.600000
ai	222.400000	0.600000
vues	223.200000	0.600000
de	224.000000	0.600000
très	224.800000	0.600000
près.	225.600000	0.600000
ça	226.400000	0.600000
n'a	227.200000	0.600000
pas	228.000000	0.600000
trop	228.800000	0.600000
amélioré	229.600000	0.600000
mon	230.400000	0.600000
opinion.	231.200000	0.600000
quand	232.000000	0.600000
j'en	232.800000	0.600000
rencontrais	233.600000	0.600000
une	234.400000	0.600000
qui	235.200000	0.600000
me	236.000000	0.600000
paraissait	236.800000	0.600000
un	237.600000	0.600000
peu	238.400000	0.600000
lucide,	239.200000	0.600000
je	240.000000	0.600000
faisais	240.800000	0.600000
l'expérience	241.600000	0.600000
sur	242.400000	0.600000
elle	243.200000	0.600000
de	244.000000	0.600000
mon	244.800000	0.600000
dessin	245.600000	0.600000
numéro	246.400000	0.600000
1	247.200000	0.600000
que	248.000000	0.600000
j'ai	248.800000	0.600000
toujours	249.600000	0.600000
conservé	250.400000	0.600000
je	251.200000	0.600000
voulais	252.000000	0.600000
savoir	252.800000	0.600000
si	253.600000	0.600000
elle	254.400000	0.600000
était	255.200000	0.600000
vraiment	256.000000	0.600000
compréhensive.	256.800000	0.600000
mais	257.600000	0.600000
toujours	258.400000	0.600000
elle	259.200000	0.600000
me	260.000000	0.600000
répondait	260.800000	0.600000
:	261.600000	0.600000
"c'est	262.400000	0.600000
un	263.200000	0.600000
chapeau."	264.000000	0.600000
alors	264.800000	0.600000
je	265.600000	0.600000
ne	266.400000	0.600000
lui	267.200000	0.600000
parlais	268.000000	0.600000
ni	268.800000	0.600000
de	269.600000	0.600000
serpents	270.400000	0.600000
boas,	271.200000	0.600000
ni	272.000000	0.600000
de	272.800000	0.600000
forêts	273.600000	0.600000
vierges,	274.400000	0.600000
ni	275.200000	0.600000
d'étoiles.	276.000000	0.600000
je	276.800000	0.600000
me	277.600000	0.600000
mettais	278.400000	0.600000
à	279.200000	0.600000
sa	280.000000	0.600000
portée.	280.800000	0.600000
je	281.600000	0.600000
lui	282.400000	0.600000
parlais	283.200000	0.600000
de	284.000000	0.600000
bridge,	284.800000	0.600000
de	285.600000	0.600000
golf,	286.400000	0.600000
de	287.200000	0.600000
politique	288.000000	0.600000
et	288.800000	0.600000
de	289.600000	0.600000
cravates.	290.400000	0.600000
et	291.200000	0.600000
la	292.000000	0.600000
grande	292.800000	0.600000
personne	293.600000	0.600000
était	294.400000	0.600000
bien	295.200000	0.600000
contente	296.000000	0.600000
de	296.800000	0.600000
connaître	297.600000	0.600000
un	298.400000	0.600000
homme	299.200000	0.600000
aussi	300.000000	0.600000
raisonnable...	300.800000	0.600000
j'ai	301.600000	0.600000
ainsi	302.400000	0.600000
vécu	303.200000	0.600000
seul,	304.000000	0.600000
sans	304.800000	0.600000
personne	305.600000	0.600000
avec	306.400000	0.600000
qui	307.200000	0.600000
parler	308.000000	0.600000
véritablement,	308.800000	0.600000
jusqu'à	309.600000	0.600000
une	310.400000	0.600000
panne	311.200000	0.600000
dans	312.000000	0.600000
le	312.800000	0.600000
désert	313.600000	0.600000
du	314.400000	0.600000
sahara,	315.200000	0.600000
il	316.000000	0.600000
y	316.800000	0.600000
a	317.600000	0.600000
six	318.400000	0.600000
ans.	319.200000	0.600000
quelque	320.000000	0.600000
chose	320.800000	0.600000
s'était	321.600000	0.600000
cassé	322.400000	0.600000
dans	323.200000	0.600000
mon	324.000000	0.600000
moteur.	324.800000	0.600000
et	325.600000	0.600000
comme	326.400000	0.600000
je	327.200000	0.600000
n'avais	328.000000	0.600000
avec	328.800000	0.600000
moi	329.600000	0.600000
ni	330.400000	0.600000
mécanicien,	331.200000	0.600000
ni	332.000000	0.600000
passagers,	332.800000	0.600000
je	333.600000	0.600000
me	334.400000	0.600000
préparai	335.200000	0.600000
à	336.000000	0.600000
essayer	336.800000	0.600000
de	337.600000	0.600000
réussir,	338.400000	0.600000
tout	339.200000	0.600000
seul,	340.000000	0.600000
une	340.800000	0.600000
réparation	341.600000	0.600000
difficile.	342.400000	0.600000
c'était	343.200000	0.600000
pour	344.000000	0.600000
moi	344.800000	0.600000
une	345.600000	0.600000
question	346.400000	0.600000
de	347.200000	0.600000
vie	348.000000	0.600000
ou	348.800000	0.600000
de	349.600000	0.600000
mort.	350.400000	0.600000
j'avais	351.200000	0.600000
à	352.000000	0.600000
peine	352.800000	0.600000
de	353.600000	0.600000
l'eau	354.400000	0.600000
à	355.200000	0.600000
boire	356.000000	0.600000
pour	356.800000	0.600000
huit	357.600000	0.600000
jours.	358.400000	0.600000
le	359.200000	0.600000
premier	360.000000	0.600000
soir	360.800000	0.600000
je	361.600000	0.600000
me	362.400000	0.600000
suis	363.200000	0.600000
donc	364.000000	0.600000
endormi	364.800000	0.600000
sur	365.600000	0.600000
le	366.400000	0.600000
sable	367.200000	0.600000
à	368.000000	0.600000
mille	368.800000	0.600000
milles	369.600000	0.600000
de	370.400000	0.600000
toute	371.200000	0.600000
terre	372.000000	0.600000
habitée.	372.800000	0.600000
j'étais	373.600000	0.600000
bien	374.400000	0.600000
plus	375.200000	0.600000
isolé	376.000000	0.600000
qu'un	376.800000	0.600000
naufragé	377.600000	0.600000
sur	378.400000	0.600000
un	379.200000	0.600000
radeau	380.000000	0.600000
au	380.800000	0.600000
milieu	381.600000	0.600000
de	382.400000	0.600000
l'océan.	383.200000	0.600000
alors	384.000000	0.600000
vous	384.800000	0.600000
imaginez	385.600000	0.600000
ma	386.400000	0.600000
surprise,	387.200000	0.600000
au	388.000000	0.600000
lever	388.800000	0.600000
du	389.600000	0.600000
jour,	390.400000	0.600000
quand	391.200000	0.600000
une	392.000000	0.600000
drôle	392.800000	0.600000
de	393.600000	0.600000
petite	394.400000	0.600000
voix	395.200000	0.600000
m'a	396.000000	0.600000
réveillé.	396.800000	0.600000
elle	397.600000	0.600000
disait	398.400000	0.600000
:	399.200000	0.600000
"s'il	400.000000	0.600000
vous	400.800000	0.600000
plaît...	401.600000	0.600000
dessine-moi	402.400000	0.600000
un	403.200000	0.600000
mouton!	404.000000	0.600000
-	404.800000	0.600000
hein!	405.600000	0.600000
-	406.400000	0.600000
dessine-moi	407.200000	0.600000
un	408.000000	0.600000
mouton..."	408.800000	0.600000
j'ai	409.600000	0.600000
sauté	410.400000	0.600000
sur	411.200000	0.600000
mes	412.000000	0.600000
pieds	412.800000	0.600000
comme	413.600000	0.600000
si	414.400000	0.600000
j'avais	415.200000	0.600000
été	416.000000	0.600000
frappé	416.800000	0.600000
par	417.600000	0.600000
la	418.400000	0.600000
foudre.	419.200000	0.600000
j'ai	420.000000	0.600000
bien	420.800000	0.600000
frotté	421.600000	0.600000
mes	422.400000	0.600000
yeux.	423.200000	0.600000
j'ai	424.000000	0.600000
bien	424.800000	0.600000
regardé.	425.600000	0.600000
et	426.400000	0.600000
j'ai	427.200000	0.600000
vu	428.000000	0.600000
un	428.800000	0.600000
petit	429.600000	0.600000
bonhomme	430.400000	0.600000
tout	431.200000	0.600000
à	432.000000	0.600000
fait	432.800000	0.600000
extraordinaire	433.600000	0.600000
qui	434.400000	0.600000
me	435.200000	0.600000
considérait	436.000000	0.600000
gravement.	436.800000	0.600000
voilà	437.600000	0.600000
le	438.400000	0.600000
meilleur	439.200000	0.600000
portrait	440.000000	0.600000
que,	440.800000	0.600000
plus	441.600000	0.600000
tard,	442.400000	0.600000
j'ai	443.200000	0.600000
réussi	444.000000	0.600000
à	444.800000	0.600000
faire	445.600000	0.600000
de	446.400000	0.600000
lui.	447.200000	0.600000
mais	448.000000	0.600000
mon	448.800000	0.600000
dessin,	449.600000	0.600000
bien	450.400000	0.600000
sûr,	451.200000	0.600000
est	452.000000	0.600000
beaucoup	452.800000	0.600000
moins	453.600000	0.600000
ravissant	454.400000	0.600000
que	455.200000	0.600000
le	456.000000	0.600000
modèle.	456.800000	0.600000
ce	457.600000	0.600000
n'est	458.400000	0.600000
pas	459.200000	0.600000
ma	460.000000	0.600000
faute.	460.800000	0.600000
j'avais	461.600000	0.600000
été	462.400000	0.600000
découragé	463.200000	0.600000
dans	464.000000	0.600000
ma	464.800000	0.600000
carrière	465.600000	0.600000
de	466.400000	0.600000
peintre	467.200000	0.600000
par	468.000000	0.600000
les	468.800000	0.600000
grandes	469.600000	0.600000
personnes,	470.400000	0.600000
à	471.200000	0.600000
l'âge	472.000000	0.600000
de	472.800000	0.600000
six	473.600000	0.600000
ans,	474.400000	0.600000
et	475.200000	0.600000
je	476.000000	0.600000
n'avais	476.800000	0.600000
rien	477.600000	0.600000
appris	478.400000	0.600000
à	479.200000	0.600000
dessiner,	480.000000	0.600000
sauf	480.800000	0.600000
les	481.600000	0.600000
boas	482.400000	0.600000
fermés	483.200000	0.600000
et	484.000000	0.600000
les	484.800000	0.600000
boas	485.600000	0.600000
ouverts.	486.400000	0.600000
je	487.200000	0.600000
regardai	488.000000	0.600000
donc	488.800000	0.600000
cette	489.600000	0.600000
apparition	490.400000	0.600000
avec	491.200000	0.600000
des	492.000000	0.600000
yeux	492.800000	0.600000
tout	493.600000	0.600000
ronds	494.400000	0.600000
d'étonnement.	495.200000	0.600000
n'oubliez	496.000000	0.600000
pas	496.800000	0.600000
que	497.600000	0.600000
je	498.400000	0.600000
me	499.200000	0.600000
trouvais	500.000000	0.600000
à	500.800000	0.600000
mille	501.600000	0.600000
milles	502.400000	0.600000
de	503.200000	0.600000
toute	504.000000	0.600000
région	504.800000	0.600000
habitée.	505.600000	0.600000
or	506.400000	0.600000
mon	507.200000	0.600000
petit	508.000000	0.600000
bonhomme	508.800000	0.600000
ne	509.600000	0.600000
me	510.400000	0.600000
semblait	511.200000	0.600000
ni	512.000000	0.600000
égaré,	512.800000	0.600000
ni	513.600000	0.600000
mort	514.400000	0.600000
de	515.200000	0.600000
fatigue,	516.000000	0.600000
ni	516.800000	0.600000
mort	517.600000	0.600000
de	518.400000	0.600000
faim,	519.200000	0.600000
ni	520.000000	0.600000
mort	520.800000	0.600000
de	521.600000	0.600000
soif,	522.400000	0.600000
ni	523.200000	0.600000
mort	524.000000	0.600000
de	524.800000	0.600000
peur.	525.600000	0.600000
il	526.400000	0.600000
n'avait	527.200000	0.600000
en	528.000000	0.600000
rien	528.800000	0.600000
l'apparence	529.600000	0.600000
d'un	530.400000	0.600000
enfant	531.200000	0.600000
perdu	532.000000	0.600000
au	532.800000	0.600000
milieu	533.600000	0.600000
du	534.400000	0.600000
désert,	535.200000	0.600000
à	536.000000	0.600000
mille	536.800000	0.600000
milles	537.600000	0.600000
de	538.400000	0.600000
toute	539.200000	0.600000
région	540.000000	0.600000
habitée.	540.800000	0.600000
quand	541.600000	0.600000
je	542.400000	0.600000
réussis	543.200000	0.600000
enfin	544.000000	0.600000
à	544.800000	0.600000
parler,	545.600000	0.600000
je	546.400000	0.600000
lui	547.200000	0.600000
dis:	548.000000	0.600000
"mais...	548.800000	0.600000
qu'est-ce	549.600000	0.600000
que	550.400000	0.600000
tu	551.200000	0.600000
fais	552.000000	0.600000
là?"	552.800000	0.600000
et	553.600000	0.600000
il	554.400000	0.600000
me	555.200000	0.600000
répéta	556.000000	0.600000
alors,	556.800000	0.600000
tout	557.600000	0.600000
doucement,	558.400000	0.600000
comme	559.200000	0.600000
une	560.000000	0.600000
chose	560.800000	0.600000
très	561.600000	0.600000
sérieuse	562.400000	0.600000
:	563.200000	0.600000
"s'il	564.000000	0.600000
vous	564.800000	0.600000
plaît...	565.600000	0.600000
dessine-moi	566.400000	0.600000
un	567.200000	0.600000
mouton..."	568.000000	0.600000
quand	568.800000	0.600000
le	569.600000	0.600000
mystère	570.400000	0.600000
est	571.200000	0.600000
trop	572.000000	0.600000
impressionnant,	572.800000	0.600000
on	573.600000	0.600000
n'ose	574.400000	0.600000
pas	575.200000	0.600000
désobéir.	576.000000	0.600000
aussi	576.800000	0.600000
absurde	577.600000	0.600000
que	578.400000	0.600000
cela	579.200000	0.600000
me	580.000000	0.600000
semblât	580.800000	0.600000
à	581.600000	0.600000
mille	582.400000	0.600000
milles	583.200000	0.600000
de	584.000000	0.600000
tous	584.800000	0.600000
les	585.600000	0.600000
endroits	586.400000	0.600000
habités	587.200000	0.600000
et	588.000000	0.600000
en	588.800000	0.600000
danger	589.600000	0.600000
de	590.400000	0.600000
mort,	591.200000	0.600000
je	592.000000	0.600000
sortis	592.800000	0.600000
de	593.600000	0.600000
ma	594.400000	0.600000
poche	595.200000	0.600000
une	596.000000	0.600000
feuille	596.800000	0.600000
de	597.600000	0.600000
papier	598.400000	0.600000
et	599.200000	0.600000
un	600.000000	0.600000
stylographe.	600.800000	0.600000
mais	601.600000	0.600000
je	602.400000	0.600000
me	603.200000	0.600000
rappelai	604.000000	0.600000
alors	604.800000	0.600000
que	605.600000	0.600000
j'avais	606.400000	0.600000
surtout	607.200000	0.600000
étudié	608.000000	0.600000
la	608.800000	0.600000
géographie,	609.600000	0.600000
l'histoire,	610.400000	0.600000
le	611.200000	0.600000
calcul	612.000000	0.600000
et	612.800000	0.600000
la	613.600000	0.600000
grammaire	614.400000	0.600000
et	615.200000	0.600000
je	616.000000	0.600000
dis	616.800000	0.600000
au	617.600000	0.600000
petit	618.400000	0.600000
bonhomme	619.200000	0.600000
avec	620.000000	0.600000
un	620.800000	0.600000
peu	621.600000	0.600000
de	622.400000	0.600000
mauvaise	623.200000	0.600000
humeur	624.000000	0.600000
que	624.800000	0.600000
je	625.600000	0.600000
ne	626.400000	0.600000
savais	627.200000	0.600000
pas	628.000000	0.600000
dessiner.	628.800000	0.600000
il	629.600000	0.600000
me	630.400000	0.600000
répondit	631.200000	0.600000
:	632.000000	0.600000
"ça	632.800000	0.600000
ne	633.600000	0.600000
fait	634.400000	0.600000
rien.	635.200000	0.600000
dessine-moi	636.000000	0.600000
un	636.800000	0.600000
mouton."	637.600000	0.600000
comme	638.400000	0.600000
je	639.200000	0.600000
n'avais	640.000000	0.600000
jamais	640.800000	0.600000
dessiné	641.600000	0.600000
un	642.400000	0.600000
mouton	643.200000	0.600000
je	644.000000	0.600000
refis,	644.800000	0.600000
pour	645.600000	0.600000
lui,	646.400000	0.600000
l'un	647.200000	0.600000
des	648.000000	0.600000
deux	648.800000	0.600000
seuls	649.600000	0.600000
dessins	650.400000	0.600000
dont	651.200000	0.600000
j'étais	652.000000	0.600000
capable.	652.800000	0.600000
celui	653.600000	0.600000
du	654.400000	0.600000
boa	655.200000	0.600000
fermé.	656.000000	0.600000
et	656.800000	0.600000
je	657.600000	0.600000
fus	658.400000	0.600000
stupéfait	659.200000	0.600000
d'entendre	660.000000	0.600000
le	660.800000	0.600000
petit	661.600000	0.600000
bonhomme	662.400000	0.600000
me	663.200000	0.600000
répondre	664.000000	0.600000
:	664.800000	0.600000
"non!	665.600000	0.600000
non!	666.400000	0.600000
je	667.200000	0.600000
ne	668.000000	0.600000
veux	668.800000	0.600000
pas	669.600000	0.600000
d'un	670.400000	0.600000
éléphant	671.200000	0.600000
dans	672.000000	0.600000
un	672.800000	0.600000
boa.	673.600000	0.600000
un	674.400000	0.600000
boa	675.200000	0.600000
c'est	676.000000	0.600000
très	676.800000	0.600000
dangereux,	677.600000	0.600000
et	678.400000	0.600000
un	679.200000	0.600000
éléphant	680.000000	0.600000
c'est	680.800000	0.600000
très	681.600000	0.600000
encombrant.	682.400000	0.600000
chez	683.200000	0.600000
moi	684.000000	0.600000
c'est	684.800000	0.600000
tout	685.600000	0.600000
petit.	686.400000	0.600000
j'ai	687.200000	0.600000
besoin	688.000000	0.600000
d'un	688.800000	0.600000
mouton.	689.600000	0.600000
dessine-moi	690.400000	0.600000
un	691.200000	0.600000
mouton."	692.000000	0.600000
alors	692.800000	0.600000
j'ai	693.600000	0.600000
dessiné.	694.400000	0.600000
il	695.200000	0.600000
regarda	696.000000	0.600000
attentivement,	696.800000	0.600000
puis	697.600000	0.600000
:	698.400000	0.600000
"non!	699.200000	0.600000
celui-là	700.000000	0.600000
est	700.800000	0.600000
très	701.600000	0.600000
malade.	702.400000	0.600000
fais-en	703.200000	0.600000
un	704.000000	0.600000
autre."	704.800000	0.600000
je	705.600000	0.600000
dessinai	706.400000	0.600000
:	707.200000	0.600000
mon	708.000000	0.600000
ami	708.800000	0.600000
sourit	709.600000	0.600000
gentiment,	710.400000	0.600000
avec	711.200000	0.600000
indulgence	712.000000	0.600000
:	712.800000	0.600000
"tu	713.600000	0.600000
vois	714.400000	0.600000
bien...	715.200000	0.600000
ce	716.000000	0.600000
n'est	716.800000	0.600000
pas	717.600000	0.600000
un	718.400000	0.600000
mouton,	719.200000	0.600000
c'est	720.000000	0.600000
un	720.800000	0.600000
bélier.	721.600000	0.600000
il	722.400000	0.600000
a	723.200000	0.600000
des	724.000000	0.600000
cornes..."	724.800000	0.600000
je	725.600000	0.600000
refis	726.400000	0.600000
donc	727.200000	0.600000
encore	728.000000	0.600000
mon	728.800000	0.600000
dessin	729.600000	0.600000
:	730.400000	0.600000
mais	731.200000	0.600000
il	732.000000	0.600000
fut	732.800000	0.600000
refusé,	733.600000	0.600000
comme	734.400000	0.600000
les	735.200000	0.600000
précédents	736.000000	0.600000
:	736.800000	0.600000
"celui-là	737.600000	0.600000
est	738.400000	0.600000
trop	739.200000	0.600000
vieux.	740.000000	0.600000
je	740.800000	0.600000
veux	741.600000	0.600000
un	742.400000	0.600000
mouton	743.200000	0.600000
qui	744.000000	0.600000
vive	744.800000	0.600000
longtemps."	745.600000	0.600000
alors,	746.400000	0.600000
faute	747.200000	0.600000
de	748.000000	0.600000
patience,	748.800000	0.600000
comme	749.600000	0.600000
j'avais	750.400000	0.600000
hâte	751.200000	0.600000
de	752.000000	0.600000
commencer	752.800000	0.600000
le	753.600000	0.600000
démontage	754.400000	0.600000
de	755.200000	0.600000
mon	756.000000	0.600000
moteur,	756.800000	0.600000
je	757.600000	0.600000
griffonnai	758.400000	0.600000
ce	759.200000	0.600000
dessin-ci	760.000000	0.600000
:	760.800000	0.600000
et	761.600000	0.600000
je	762.400000	0.600000
lançai	763.200000	0.600000
:	764.000000	0.600000
"ça	764.800000	0.600000
c'est	765.600000	0.600000
la	766.400000	0.600000
caisse.	767.200000	0.600000
le	768.000000	0.600000
mouton	768.800000	0.600000
que	769.600000	0.600000
tu	770.400000	0.600000
veux	771.200000	0.600000
est	772.000000	0.600000
dedans."	772.800000	0.600000
mais	773.600000	0.600000
je	774.400000	0.600000
fus	775.200000	0.600000
bien	776.000000	0.600000
surpris	776.800000	0.600000
de	777.600000	0.600000
voir	778.400000	0.600000
s'illuminer	779.200000	0.600000
le	780.000000	0.600000
visage	780.800000	0.600000
de	781.600000	0.600000
mon	782.400000	0.600000
jeune	783.200000	0.600000
juge	784.000000	0.600000
:	784.800000	0.600000
"c'est	785.600000	0.600000
tout	786.400000	0.600000
a	787.200000	0.600000
fait	788.000000	0.600000
comme	788.800000	0.600000
ça	789.600000	0.600000
que	790.400000	0.600000
je	791.200000	0.600000
le	792.000000	0.600000
voulais!	792.800000	0.600000
crois-tu	793.600000	0.600000
qu'il	794.400000	0.600000
faille	795.200000	0.600000
beaucoup	796.000000	0.600000
d'herbe	796.800000	0.600000
à	797.600000	0.600000
ce	798.400000	0.600000
mouton?	799.200000	0.600000
-	800.000000	0.600000
pourquoi?	800.800000	0.600000
-	801.600000	0.600000
parce	802.400000	0.600000
que	803.200000	0.600000
chez	804.000000	0.600000
moi	804.800000	0.600000
c'est	805.600000	0.600000
tout	806.400000	0.600000
petit...	807.200000	0.600000
-	808.000000	0.600000
ça	808.800000	0.600000
suffira	809.600000	0.600000
sûrement.	810.400000	0.600000
je	811.200000	0.600000
t'ai	812.000000	0.600000
donné	812.800000	0.600000
un	813.600000	0.600000
tout	814.400000	0.600000
petit	815.200000	0.600000
mouton."	816.000000	0.600000
il	816.800000	0.600000
pencha	817.600000	0.600000
la	818.400000	0.600000
tête	819.200000	0.600000
vers	820.000000	0.600000
le	820.800000	0.600000
dessin	821.600000	0.600000
:	822.400000	0.600000
"pas	823.200000	0.600000
si	824.000000	0.600000
petit	824.800000	0.600000
que	825.600000	0.600000
ça...	826.400000	0.600000
tiens!	827.200000	0.600000
il	828.000000	0.600000
s'est	828.800000	0.600000
endormi..."	829.600000	0.600000
et	830.400000	0.600000
c'est	831.200000	0.600000
ainsi	832.000000	0.600000
que	832.800000	0.600000
je	833.600000	0.600000
fis	834.400000	0.600000
la	835.200000	0.600000
connaissance	836.000000	0.600000
du	836.800000	0.600000
petit	837.600000	0.600000
prince.	838.400000	0.600000
il	839.200000	0.600000
me	840.000000	0.600000
fallut	840.800000	0.600000
longtemps	841.600000	0.600000
pour	842.400000	0.600000
comprendre	843.200000	0.600000
d'où	844.000000	0.600000
il	844.800000	0.600000
venait.	845.600000	0.600000
le	846.400000	0.600000
petit	847.200000	0.600000
prince,	848.000000	0.600000
qui	848.800000	0.600000
me	849.600000	0.600000
posait	850.400000	0.600000
beaucoup	851.200000	0.600000
de	852.000000	0.600000
questions,	852.800000	0.600000
ne	853.600000	0.600000
semblait	854.400000	0.600000
jamais	855.200000	0.600000
entendre	856.000000	0.600000
les	856.800000	0.600000
miennes.	857.600000	0.600000
ce	858.400000	0.600000
sont	859.200000	0.600000
des	860.000000	0.600000
mots	860.800000	0.600000
prononcés	861.600000	0.600000
par	862.400000	0.600000
hasard	863.200000	0.600000
qui,	864.000000	0.600000
peu	864.800000	0.600000
à	865.600000	0.600000
peu,	866.400000	0.600000
m'ont	867.200000	0.600000
tout	868.000000	0.600000
révélé.	868.800000	0.600000
ainsi,	869.600000	0.600000
quand	870.400000	0.600000
il	871.200000	0.600000
aperçut	872.000000	0.600000
pour	872.800000	0.600000
la	873.600000	0.600000
première	874.400000	0.600000
fois	875.200000	0.600000
mon	876.000000	0.600000
avion,	876.800000	0.600000
je	877.600000	0.600000
ne	878.400000	0.600000
dessinerai	879.200000	0.600000
pas	880.000000	0.600000
mon	880.800000	0.600000
avion,	881.600000	0.600000
c'est	882.400000	0.600000
un	883.200000	0.600000
dessin	884.000000	0.600000
beaucoup	884.800000	0.600000
trop	885.600000	0.600000
compliqué	886.400000	0.600000
pour	887.200000	0.600000
moi,	888.000000	0.600000
il	888.800000	0.600000
me	889.600000	0.600000
demanda	890.400000	0.600000
:	891.200000	0.600000
"qu'est-ce	892.000000	0.600000
que	892.800000	0.600000
c'est	893.600000	0.600000
que	894.400000	0.600000
cette	895.200000	0.600000
chose-là?	896.000000	0.600000
-	896.800000	0.600000
ce	897.600000	0.600000
n'est	898.400000	0.600000
pas	899.200000	0.600000
une	900.000000	0.600000
chose.	900.800000	0.600000
ça	901.600000	0.600000
vole.	902.400000	0.600000
c'est	903.200000	0.600000
un	904.000000	0.600000
avion.	904.800000	0.600000
c'est	905.600000	0.600000
mon	906.400000	0.600000
avion."	907.200000	0.600000
et	908.000000	0.600000
j'étais	908.800000	0.600000
fier	909.600000	0.600000
de	910.400000	0.600000
lui	911.200000	0.600000
apprendre	912.000000	0.600000
que	912.800000	0.600000
je	913.600000	0.600000
volais.	914.400000	0.600000
alors	915.200000	0.600000
il	916.000000	0.600000
s'écria	916.800000	0.600000
:	917.600000	0.600000
"comment!	918.400000	0.600000
tu	919.200000	0.600000
es	920.000000	0.600000
tombé	920.800000	0.600000
du	921.600000	0.600000
ciel!	922.400000	0.600000
-	923.200000	0.600000
oui,	924.000000	0.600000
fis-je	924.800000	0.600000
modestement.	925.600000	0.600000
-	926.400000	0.600000
ah!	927.200000	0.600000
ça	928.000000	0.600000
c'est	928.800000	0.600000
drôle!..."	929.600000	0.600000
et	930.400000	0.600000
le	931.200000	0.600000
petit	932.000000	0.600000
prince	932.800000	0.600000
eut	933.600000	0.600000
un	934.400000	0.600000
très	935.200000	0.600000
joli	936.000000	0.600000
éclat	936.800000	0.600000
de	937.600000	0.600000
rire	938.400000	0.600000
qui	939.200000	0.600000
m'irrita	940.000000	0.600000
beaucoup.	940.800000	0.600000
je	941.600000	0.600000
désire	942.400000	0.600000
que	943.200000	0.600000
l'on	944.000000	0.600000
prenne	944.800000	0.600000
mes	945.600000	0.600000
malheurs	946.400000	0.600000
au	947.200000	0.600000
sérieux.	948.000000	0.600000
puis	948.800000	0.600000
il	949.600000	0.600000
ajouta	950.400000	0.600000
:	951.200000	0.600000
"alors,	952.000000	0.600000
toi	952.800000	0.600000
aussi	953.600000	0.600000
tu	954.400000	0.600000
viens	955.200000	0.600000
du	956.000000	0.600000
ciel!	956.800000	0.600000
de	957.600000	0.600000
quelle	958.400000	0.600000
planète	959.200000	0.600000
es-tu?"	960.000000	0.600000
j'entrevis	960.800000	0.600000
aussitôt	961.600000	0.600000
une	962.400000	0.600000
lueur,	963.200000	0.600000
dans	964.000000	0.600000
le	964.800000	0.600000
mystère	965.600000	0.600000
de	966.400000	0.600000
sa	967.200000	0.600000
présence,	968.000000	0.600000
et	968.800000	0.600000
j'interrogeai	969.600000	0.600000
brusquement	970.400000	0.600000
:	971.200000	0.600000
"tu	972.000000	0.600000
viens	972.800000	0.600000
donc	973.600000	0.600000
d'une	974.400000	0.600000
autre	975.200000	0.600000
planète?"	976.000000	0.600000
mais	976.800000	0.600000
il	977.600000	0.600000
ne	978.400000	0.600000
me	979.200000	0.600000
répondit	980.000000	0.600000
pas.	980.800000	0.600000
il	981.600000	0.600000
hochait	982.400000	0.600000
la	983.200000	0.600000
tête	984.000000	0.600000
doucement	984.800000	0.600000
tout	985.600000	0.600000
en	986.400000	0.600000
regardant	987.200000	0.600000
mon	988.000000	0.600000
avion	988.800000	0.600000
:	989.600000	0.600000
"c'est	990.400000	0.600000
vrai	991.200000	0.600000
que,	992.000000	0.600000
là-dessus,	992.800000	0.600000
tu	993.600000	0.600000
ne	994.400000	0.600000
peux	995.200000	0.600000
pas	996.000000	0.600000
venir	996.800000	0.600000
de	997.600000	0.600000
bien	998.400000	0.600000
loin..."	999.200000	0.600000
et	1000.000000	0.600000
il	1000.800000	0.600000
s'enfonça	1001.600000	0.600000
dans	1002.400000	0.600000
une	1003.200000	0.600000
rêverie	1004.000000	0.600000
qui	1004.800000	0.600000
dura	1005.600000	0.600000
longtemps.	1006.400000	0.600000
puis,	1007.200000	0.600000
sortant	1008.000000	0.600000
mon	1008.800000	0.600000
mouton	1009.600000	0.600000
de	1010.400000	0.600000
sa	1011.200000	0.600000
poche,	1012.000000	0.600000
il	1012.800000	0.600000
se	1013.600000	0.600000
plongea	1014.400000	0.600000
dans	1015.200000	0.600000
la	1016.000000	0.600000
contemplation	1016.800000	0.600000
de	1017.600000	0.600000
son	1018.400000	0.600000
trésor.	1019.200000	0.600000
vous	1020.000000	0.600000
imaginez	1020.800000	0.600000
combien	1021.600000	0.600000
j'avais	1022.400000	0.600000
pu	1023.200000	0.600000
être	1024.000000	0.600000
intrigué	1024.800000	0.600000
par	1025.600000	0.600000
cette	1026.400000	0.600000
demi-confidence	1027.200000	0.600000
sur	1028.000000	0.600000
"les	1028.800000	0.600000
autres	1029.600000	0.600000
planètes".	1030.400000	0.600000
je	1031.200000	0.600000
m'efforçai	1032.000000	0.600000
donc	1032.800000	0.600000
d'en	1033.600000	0.600000
savoir	1034.400000	0.600000
plus	1035.200000	0.600000
long	1036.000000	0.600000
:	1036.800000	0.600000
"d'où	1037.600000	0.600000
viens-tu,	1038.400000	0.600000
mon	1039.200000	0.600000
petit	1040.000000	0.600000
bonhomme?	1040.800000	0.600000
où	1041.600000	0.600000
est-ce	1042.400000	0.600000
"chez	1043.200000	0.600000
toi"?	1044.000000	0.600000
où	1044.800000	0.600000
veux-tu	1045.600000	0.600000
emporter	1046.400000	0.600000
mon	1047.200000	0.600000
mouton?"	1048.000000	0.600000
il	1048.800000	0.600000
me	1049.600000	0.600000
répondit	1050.400000	0.600000
après	1051.200000	0.600000
un	1052.000000	0.600000
silence	1052.800000	0.600000
méditatif	1053.600000	0.600000
:	1054.400000	0.600000
"ce	1055.200000	0.600000
qui	1056.000000	0.600000
est	1056.800000	0.600000
bien,	1057.600000	0.600000
avec	1058.400000	0.600000
la	1059.200000	0.600000
caisse	1060.000000	0.600000
que	1060.800000	0.600000
tu	1061.600000	0.600000
m'as	1062.400000	0.600000
donnée,	1063.200000	0.600000
c'est	1064.000000	0.600000
que,	1064.800000	0.600000
la	1065.600000	0.600000
nuit,	1066.400000	0.600000
ça	1067.200000	0.600000
lui	1068.000000	0.600000
servira	1068.800000	0.600000
de	1069.600000	0.600000
maison.	1070.400000	0.600000
-	1071.200000	0.600000
bien	1072.000000	0.600000
sûr.	1072.800000	0.600000
et	1073.600000	0.600000
si	1074.400000	0.600000
tu	1075.200000	0.600000
es	1076.000000	0.600000
gentil,	1076.800000	0.600000
je	1077.600000	0.600000
te	1078.400000	0.600000
donnerai	1079.200000	0.600000
aussi	1080.000000	0.600000
une	1080.800000	0.600000
corde	1081.600000	0.600000
pour	1082.400000	0.600000
l'attacher	1083.200000	0.600000
pendant	1084.000000	0.600000
le	1084.800000	0.600000
jour.	1085.600000	0.600000
et	1086.400000	0.600000
un	1087.200000	0.600000
piquet."	1088.000000	0.600000
la	1088.800000	0.600000
proposition	1089.600000	0.600000
parut	1090.400000	0.600000
choquer	1091.200000	0.600000
le	1092.000000	0.600000
petit	1092.800000	0.600000
prince	1093.600000	0.600000
:	1094.400000	0.600000
"l'attacher?	1095.200000	0.600000
quelle	1096.000000	0.600000
drôle	1096.800000	0.600000
d'idée!	1097.600000	0.600000
-	1098.400000	0.600000
mais	1099.200000	0.600000
si	1100.000000	0.600000
tu	1100.800000	0.600000
ne	1101.600000	0.600000
l'attaches	1102.400000	0.600000
pas,	1103.200000	0.600000
il	1104.000000	0.600000
ira	1104.800000	0.600000
n'importe	1105.600000	0.600000
où,	1106.400000	0.600000
et	1107.200000	0.600000
il	1108.000000	0.600000
se	1108.800000	0.600000
perdra."	1109.600000	0.600000
et	1110.400000	0.600000
mon	1111.200000	0.600000
ami	1112.000000	0.600000
eut	1112.800000	0.600000
un	1113.600000	0.600000
nouvel	1114.400000	0.600000
éclat	1115.200000	0.600000
de	1116.000000	0.600000
rire	1116.800000	0.600000
:	1117.600000	0.600000
"mais	1118.400000	0.600000
où	1119.200000	0.600000
veux-tu	1120.000000	0.600000
qu'il	1120.800000	0.600000
aille!	1121.600000	0.600000
-	1122.400000	0.600000
n'importe	1123.200000	0.600000
où.	1124.000000	0.600000
droit	1124.800000	0.600000
devant	1125.600000	0.600000
lui..."	1126.400000	0.600000
alors	1127.200000	0.600000
le	1128.000000	0.600000
petit	1128.800000	0.600000
prince	1129.600000	0.600000
remarqua	1130.400000	0.600000
gravement	1131.200000	0.600000
:	1132.000000	0.600000
"ça	1132.800000	0.600000
ne	1133.600000	0.600000
fait	1134.400000	0.600000
rien,	1135.200000	0.600000
c'est	1136.000000	0.600000
tellement	1136.800000	0.600000
petit,	1137.600000	0.600000
chez	1138.400000	0.600000
moi!"	1139.200000	0.600000
et,	1140.000000	0.600000
avec	1140.800000	0.600000
un	1141.600000	0.600000
peu	1142.400000	0.600000
de	1143.200000	0.600000
mélancolie,	1144.000000	0.600000
peut-être,	1144.800000	0.600000
il	1145.600000	0.600000
ajouta	1146.400000	0.600000
:	1147.200000	0.600000
"droit	1148.000000	0.600000
devant	1148.800000	0.600000
soi	1149.600000	0.600000
on	1150.400000	0.600000
ne	1151.200000	0.600000
peut	1152.000000	0.600000
pas	1152.800000	0.600000
aller	1153.600000	0.600000
bien	1154.400000	0.600000
loin..."	1155.200000	0.600000
