lorsque	0.000000	0.800000
j'avais	1.000000	0.800000
six	2.000000	0.800000
ans,	3.000000	0.800000
j'ai	4.000000	0.800000
vu,	5.000000	0.800000
une	6.000000	0.800000
fois,	7.000000	0.800000
une	8.000000	0.800000
magnifique	9.000000	0.800000
image,	10.000000	0.800000
dans	11.000000	0.800000
un	12.000000	0.800000
livre	13.000000	0.800000
sur	14.000000	0.800000
la	15.000000	0.800000
forêt	16.000000	0.800000
vierge	17.000000	0.800000
qui	18.000000	0.800000
s'appelait	19.000000	0.800000
histoires	20.000000	0.800000
vécues.	21.000000	0.800000
ça	22.000000	0.800000
représentait	23.000000	0.800000
un	24.000000	0.800000
serpent	25.000000	0.800000
boa	26.000000	0.800000
qui	27.000000	0.800000
avalait	28.000000	0.800000
un	29.000000	0.800000
fauve.	30.000000	0.800000
voilà	31.000000	0.800000
la	32.000000	0.800000
copie	33.000000	0.800000
du	34.000000	0.800000
dessin.	35.000000	0.800000
on	36.000000	0.800000
disait	37.000000	0.800000
dans	38.000000	0.800000
le	39.000000	0.800000
livre	40.000000	0.800000
:	41.000000	0.800000
"les	42.000000	0.800000
serpents	43.000000	0.800000
boas	44.000000	0.800000
avalent	45.000000	0.800000
leur	46.000000	0.800000
proie	47.000000	0.800000
tout	48.000000	0.800000
entière,	49.000000	0.800000
sans	50.000000	0.800000
la	51.000000	0.800000
mâcher.	52.000000	0.800000
ensuite	53.000000	0.800000
ils	54.000000	0.800000
ne	55.000000	0.800000
peuvent	56.000000	0.800000
plus	57.000000	0.800000
bouger	58.000000	0.800000
et	59.000000	0.800000
ils	60.000000	0.800000
dorment	61.000000	0.800000
pendant	62.000000	0.800000
les	63.000000	0.800000
six	64.000000	0.800000
mois	65.000000	0.800000
de	66.000000	0.800000
leur	67.000000	0.800000
digestion."	68.000000	0.800000
j'ai	69.000000	0.800000
alors	70.000000	0.800000
beaucoup	71.000000	0.800000
réfléchi	72.000000	0.800000
sur	73.000000	0.800000
les	74.000000	0.800000
aventures	75.000000	0.800000
de	76.000000	0.800000
la	77.000000	0.800000
jungle	78.000000	0.800000
et,	79.000000	0.800000
à	80.000000	0.800000
mon	81.000000	0.800000
tour,	82.000000	0.800000
j'ai	83.000000	0.800000
réussi,	84.000000	0.800000
avec	85.000000	0.800000
un	86.000000	0.800000
crayon	87.000000	0.800000
de	88.000000	0.800000
couleur,	89.000000	0.800000
à	90.000000	0.800000
tracer	91.000000	0.800000
mon	92.000000	0.800000
premier	93.000000	0.800000
dessin.	94.000000	0.800000
mon	95.000000	0.800000
dessin	96.000000	0.800000
numéro	97.000000	0.800000
1.	98.000000	0.800000
il	99.000000	0.800000
était	100.000000	0.800000
comme	101.000000	0.800000
ça	102.000000	0.800000
:	103.000000	0.800000
j'ai	104.000000	0.800000
montré	105.000000	0.800000
mon	106.000000	0.800000
chef-d'oeuvre	107.000000	0.800000
aux	108.000000	0.800000
grandes	109.000000	0.800000
personnes	110.000000	0.800000
et	111.000000	0.800000
je	112.000000	0.800000
leur	113.000000	0.800000
ai	114.000000	0.800000
demandé	115.000000	0.800000
si	116.000000	0.800000
mon	117.000000	0.800000
dessin	118.000000	0.800000
leur	119.000000	0.800000
faisait	120.000000	0.800000
peur.	121.000000	0.800000
elles	122.000000	0.800000
m'ont	123.000000	0.800000
répondu	124.000000	0.800000
:	125.000000	0.800000
"pourquoi	126.000000	0.800000
un	127.000000	0.800000
chapeau	128.000000	0.800000
ferait-il	129.000000	0.800000
peur?"	130.000000	0.800000
mon	131.000000	0.800000
dessin	132.000000	0.800000
ne	133.000000	0.800000
représentait	134.000000	0.800000
pas	135.000000	0.800000
un	136.000000	0.800000
chapeau.	137.000000	0.800000
il	138.000000	0.800000
représentait	139.000000	0.800000
un	140.000000	0.800000
serpent	141.000000	0.800000
boa	142.000000	0.800000
qui	143.000000	0.800000
digérait	144.000000	0.800000
un	145.000000	0.800000
éléphant.	146.000000	0.800000
j'ai	147.000000	0.800000
alors	148.000000	0.800000
dessiné	149.000000	0.800000
l'intérieur	150.000000	0.800000
du	151.000000	0.800000
serpent	152.000000	0.800000
boa,	153.000000	0.800000
afin	154.000000	0.800000
que	155.000000	0.800000
les	156.000000	0.800000
grandes	157.000000	0.800000
personnes	158.000000	0.800000
puissent	159.000000	0.800000
comprendre.	160.000000	0.800000
elles	161.000000	0.800000
ont	162.000000	0.800000
toujours	163.000000	0.800000
besoin	164.000000	0.800000
d'explications.	165.000000	0.800000
mon	166.000000	0.800000
dessin	167.000000	0.800000
numéro	168.000000	0.800000
2	169.000000	0.800000
était	170.000000	0.800000
comme	171.000000	0.800000
ça	172.000000	0.800000
:	173.000000	0.800000
les	174.000000	0.800000
grandes	175.000000	0.800000
personnes	176.000000	0.800000
m'ont	177.000000	0.800000
conseillé	178.000000	0.800000
de	179.000000	0.800000
laisser	180.000000	0.800000
de	181.000000	0.800000
côté	182.000000	0.800000
les	183.000000	0.800000
dessins	184.000000	0.800000
de	185.000000	0.800000
serpents	186.000000	0.800000
boas	187.000000	0.800000
ouverts	188.000000	0.800000
ou	189.000000	0.800000
fermés,	190.000000	0.800000
et	191.000000	0.800000
de	192.000000	0.800000
m'intéresser	193.000000	0.800000
plutôt	194.000000	0.800000
à	195.000000	0.800000
la	196.000000	0.800000
géographie,	197.000000	0.800000
à	198.000000	0.800000
l'histoire,	199.000000	0.800000
au	200.000000	0.800000
calcul	201.000000	0.800000
et	202.000000	0.800000
à	203.000000	0.800000
la	204.000000	0.800000
grammaire.	205.000000	0.800000
c'est	206.000000	0.800000
ainsi	207.000000	0.800000
que	208.000000	0.800000
j'ai	209.000000	0.800000
abandonné,	210.000000	0.800000
à	211.000000	0.800000
l'âge	212.000000	0.800000
de	213.000000	0.800000
six	214.000000	0.800000
ans,	215.000000	0.800000
une	216.000000	0.800000
magnifique	217.000000	0.800000
carrière	218.000000	0.800000
de	219.000000	0.800000
peintre.	220.000000	0.800000
j'avais	221.000000	0.800000
été	222.000000	0.800000
découragé	223.000000	0.800000
par	224.000000	0.800000
l'insuccès	225.000000	0.800000
de	226.000000	0.800000
mon	227.000000	0.800000
dessin	228.000000	0.800000
numéro	229.000000	0.800000
1	230.000000	0.800000
et	231.000000	0.800000
de	232.000000	0.800000
mon	233.000000	0.800000
dessin	234.000000	0.800000
numéro	235.000000	0.800000
2.	236.000000	0.800000
les	237.000000	0.800000
grandes	238.000000	0.800000
personnes	239.000000	0.800000
ne	240.000000	0.800000
comprennent	241.000000	0.800000
jamais	242.000000	0.800000
rien	243.000000	0.800000
toutes	244.000000	0.800000
seules,	245.000000	0.800000
et	246.000000	0.800000
c'est	247.000000	0.800000
fatigant,	248.000000	0.800000
pour	249.000000	0.800000
les	250.000000	0.800000
enfants,	251.000000	0.800000
de	252.000000	0.800000
toujours	253.000000	0.800000
et	254.000000	0.800000
toujours	255.000000	0.800000
leur	256.000000	0.800000
donner	257.000000	0.800000
des	258.000000	0.800000
explications...	259.000000	0.800000
j'ai	260.000000	0.800000
donc	261.000000	0.800000
dû	262.000000	0.800000
choisir	263.000000	0.800000
un	264.000000	0.800000
autre	265.000000	0.800000
métier	266.000000	0.800000
et	267.000000	0.800000
j'ai	268.000000	0.800000
appris	269.000000	0.800000
à	270.000000	0.800000
piloter	271.000000	0.800000
des	272.000000	0.800000
avions.	273.000000	0.800000
j'ai	274.000000	0.800000
volé	275.000000	0.800000
un	276.000000	0.800000
peu	277.000000	0.800000
partout	278.000000	0.800000
dans	279.000000	0.800000
le	280.000000	0.800000
monde.	281.000000	0.800000
et	282.000000	0.800000
la	283.000000	0.800000
géographie,	284.000000	0.800000
c'est	285.000000	0.800000
exact,	286.000000	0.800000
m'a	287.000000	0.800000
beaucoup	288.000000	0.800000
servi.	289.000000	0.800000
je	290.000000	0.800000
savais	291.000000	0.800000
reconnaître,	292.000000	0.800000
du	293.000000	0.800000
premier	294.000000	0.800000
coup	295.000000	0.800000
d'oeil,	296.000000	0.800000
la	297.000000	0.800000
chine	298.000000	0.800000
de	299.000000	0.800000
l'arizona.	300.000000	0.800000
c'est	301.000000	0.800000
très	302.000000	0.800000
utile,	303.000000	0.800000
si	304.000000	0.800000
l'on	305.000000	0.800000
s'est	306.000000	0.800000
égaré	307.000000	0.800000
pendant	308.000000	0.800000
la	309.000000	0.800000
nuit.	310.000000	0.800000
j'ai	311.000000	0.800000
ainsi	312.000000	0.800000
eu,	313.000000	0.800000
au	314.000000	0.800000
cours	315.000000	0.800000
de	316.000000	0.800000
ma	317.000000	0.800000
vie,	318.000000	0.800000
des	319.000000	0.800000
tas	320.000000	0.800000
de	321.000000	0.800000
contacts	322.000000	0.800000
avec	323.000000	0.800000
des	324.000000	0.800000
tas	325.000000	0.800000
de	326.000000	0.800000
gens	327.000000	0.800000
sérieux.	328.000000	0.800000
j'ai	329.000000	0.800000
beaucoup	330.000000	0.800000
vécu	331.000000	0.800000
chez	332.000000	0.800000
les	333.000000	0.800000
grandes	334.000000	0.800000
personnes.	335.000000	0.800000
je	336.000000	0.800000
les	337.000000	0.800000
ai	338.000000	0.800000
vues	339.000000	0.800000
de	340.000000	0.800000
très	341.000000	0.800000
près.	342.000000	0.800000
ça	343.000000	0.800000
n'a	344.000000	0.800000
pas	345.000000	0.800000
trop	346.000000	0.800000
amélioré	347.000000	0.800000
mon	348.000000	0.800000
opinion.	349.000000	0.800000
quand	350.000000	0.800000
j'en	351.000000	0.800000
rencontrais	352.000000	0.800000
une	353.000000	0.800000
qui	354.000000	0.800000
me	355.000000	0.800000
paraissait	356.000000	0.800000
un	357.000000	0.800000
peu	358.000000	0.800000
lucide,	359.000000	0.800000
je	360.000000	0.800000
faisais	361.000000	0.800000
l'expérience	362.000000	0.800000
sur	363.000000	0.800000
elle	364.000000	0.800000
de	365.000000	0.800000
mon	366.000000	0.800000
dessin	367.000000	0.800000
numéro	368.000000	0.800000
1	369.000000	0.800000
que	370.000000	0.800000
j'ai	371.000000	0.800000
toujours	372.000000	0.800000
conservé	373.000000	0.800000
je	374.000000	0.800000
voulais	375.000000	0.800000
savoir	376.000000	0.800000
si	377.000000	0.800000
elle	378.000000	0.800000
était	379.000000	0.800000
vraiment	380.000000	0.800000
compréhensive.	381.000000	0.800000
mais	382.000000	0.800000
toujours	383.000000	0.800000
elle	384.000000	0.800000
me	385.000000	0.800000
répondait	386.000000	0.800000
:	387.000000	0.800000
"c'est	388.000000	0.800000
un	389.000000	0.800000
chapeau."	390.000000	0.800000
alors	391.000000	0.800000
je	392.000000	0.800000
ne	393.000000	0.800000
lui	394.000000	0.800000
parlais	395.000000	0.800000
ni	396.000000	0.800000
de	397.000000	0.800000
serpents	398.000000	0.800000
boas,	399.000000	0.800000
ni	400.000000	0.800000
de	401.000000	0.800000
forêts	402.000000	0.800000
vierges,	403.000000	0.800000
ni	404.000000	0.800000
d'étoiles.	405.000000	0.800000
je	406.000000	0.800000
me	407.000000	0.800000
mettais	408.000000	0.800000
à	409.000000	0.800000
sa	410.000000	0.800000
portée.	411.000000	0.800000
je	412.000000	0.800000
lui	413.000000	0.800000
parlais	414.000000	0.800000
de	415.000000	0.800000
bridge,	416.000000	0.800000
de	417.000000	0.800000
golf,	418.000000	0.800000
de	419.000000	0.800000
politique	420.000000	0.800000
et	421.000000	0.800000
de	422.000000	0.800000
cravates.	423.000000	0.800000
et	424.000000	0.800000
la	425.000000	0.800000
grande	426.000000	0.800000
personne	427.000000	0.800000
était	428.000000	0.800000
bien	429.000000	0.800000
contente	430.000000	0.800000
de	431.000000	0.800000
connaître	432.000000	0.800000
un	433.000000	0.800000
homme	434.000000	0.800000
aussi	435.000000	0.800000
raisonnable...	436.000000	0.800000
j'ai	437.000000	0.800000
ainsi	438.000000	0.800000
vécu	439.000000	0.800000
seul,	440.000000	0.800000
sans	441.000000	0.800000
personne	442.000000	0.800000
avec	443.000000	0.800000
qui	444.000000	0.800000
parler	445.000000	0.800000
véritablement,	446.000000	0.800000
jusqu'à	447.000000	0.800000
une	448.000000	0.800000
panne	449.000000	0.800000
dans	450.000000	0.800000
le	451.000000	0.800000
désert	452.000000	0.800000
du	453.000000	0.800000
sahara,	454.000000	0.800000
il	455.000000	0.800000
y	456.000000	0.800000
a	457.000000	0.800000
six	458.000000	0.800000
ans.	459.000000	0.800000
quelque	460.000000	0.800000
chose	461.000000	0.800000
s'était	462.000000	0.800000
cassé	463.000000	0.800000
dans	464.000000	0.800000
mon	465.000000	0.800000
moteur.	466.000000	0.800000
et	467.000000	0.800000
comme	468.000000	0.800000
je	469.000000	0.800000
n'avais	470.000000	0.800000
avec	471.000000	0.800000
moi	472.000000	0.800000
ni	473.000000	0.800000
mécanicien,	474.000000	0.800000
ni	475.000000	0.800000
passagers,	476.000000	0.800000
je	477.000000	0.800000
me	478.000000	0.800000
préparai	479.000000	0.800000
à	480.000000	0.800000
essayer	481.000000	0.800000
de	482.000000	0.800000
réussir,	483.000000	0.800000
tout	484.000000	0.800000
seul,	485.000000	0.800000
une	486.000000	0.800000
réparation	487.000000	0.800000
difficile.	488.000000	0.800000
c'était	489.000000	0.800000
pour	490.000000	0.800000
moi	491.000000	0.800000
une	492.000000	0.800000
question	493.000000	0.800000
de	494.000000	0.800000
vie	495.000000	0.800000
ou	496.000000	0.800000
de	497.000000	0.800000
mort.	498.000000	0.800000
j'avais	499.000000	0.800000
à	500.000000	0.800000
peine	501.000000	0.800000
de	502.000000	0.800000
l'eau	503.000000	0.800000
à	504.000000	0.800000
boire	505.000000	0.800000
pour	506.000000	0.800000
huit	507.000000	0.800000
jours.	508.000000	0.800000
le	509.000000	0.800000
premier	510.000000	0.800000
soir	511.000000	0.800000
je	512.000000	0.800000
me	513.000000	0.800000
suis	514.000000	0.800000
donc	515.000000	0.800000
endormi	516.000000	0.800000
sur	517.000000	0.800000
le	518.000000	0.800000
sable	519.000000	0.800000
à	520.000000	0.800000
mille	521.000000	0.800000
milles	522.000000	0.800000
de	523.000000	0.800000
toute	524.000000	0.800000
terre	525.000000	0.800000
habitée.	526.000000	0.800000
j'étais	527.000000	0.800000
bien	528.000000	0.800000
plus	529.000000	0.800000
isolé	530.000000	0.800000
qu'un	531.000000	0.800000
naufragé	532.000000	0.800000
sur	533.000000	0.800000
un	534.000000	0.800000
radeau	535.000000	0.800000
au	536.000000	0.800000
milieu	537.000000	0.800000
de	538.000000	0.800000
l'océan.	539.000000	0.800000
alors	540.000000	0.800000
vous	541.000000	0.800000
imaginez	542.000000	0.800000
ma	543.000000	0.800000
surprise,	544.000000	0.800000
au	545.000000	0.800000
lever	546.000000	0.800000
du	547.000000	0.800000
jour,	548.000000	0.800000
quand	549.000000	0.800000
une	550.000000	0.800000
drôle	551.000000	0.800000
de	552.000000	0.800000
petite	553.000000	0.800000
voix	554.000000	0.800000
m'a	555.000000	0.800000
réveillé.	556.000000	0.800000
elle	557.000000	0.800000
disait	558.000000	0.800000
:	559.000000	0.800000
"s'il	560.000000	0.800000
vous	561.000000	0.800000
plaît...	562.000000	0.800000
dessine-moi	563.000000	0.800000
un	564.000000	0.800000
mouton!	565.000000	0.800000
-	566.000000	0.800000
hein!	567.000000	0.800000
-	568.000000	0.800000
dessine-moi	569.000000	0.800000
un	570.000000	0.800000
mouton..."	571.000000	0.800000
j'ai	572.000000	0.800000
sauté	573.000000	0.800000
sur	574.000000	0.800000
mes	575.000000	0.800000
pieds	576.000000	0.800000
comme	577.000000	0.800000
si	578.000000	0.800000
j'avais	579.000000	0.800000
été	580.000000	0.800000
frappé	581.000000	0.800000
par	582.000000	0.800000
la	583.000000	0.800000
foudre.	584.000000	0.800000
j'ai	585.000000	0.800000
bien	586.000000	0.800000
frotté	587.000000	0.800000
mes	588.000000	0.800000
yeux.	589.000000	0.800000
j'ai	590.000000	0.800000
bien	591.000000	0.800000
regardé.	592.000000	0.800000
et	593.000000	0.800000
j'ai	594.000000	0.800000
vu	595.000000	0.800000
un	596.000000	0.800000
petit	597.000000	0.800000
bonhomme	598.000000	0.800000
tout	599.000000	0.800000
à	600.000000	0.800000
fait	601.000000	0.800000
extraordinaire	602.000000	0.800000
qui	603.000000	0.800000
me	604.000000	0.800000
considérait	605.000000	0.800000
gravement.	606.000000	0.800000
voilà	607.000000	0.800000
le	608.000000	0.800000
meilleur	609.000000	0.800000
portrait	610.000000	0.800000
que,	611.000000	0.800000
plus	612.000000	0.800000
tard,	613.000000	0.800000
j'ai	614.000000	0.800000
réussi	615.000000	0.800000
à	616.000000	0.800000
faire	617.000000	0.800000
de	618.000000	0.800000
lui.	619.000000	0.800000
mais	620.000000	0.800000
mon	621.000000	0.800000
dessin,	622.000000	0.800000
bien	623.000000	0.800000
sûr,	624.000000	0.800000
est	625.000000	0.800000
beaucoup	626.000000	0.800000
moins	627.000000	0.800000
ravissant	628.000000	0.800000
que	629.000000	0.800000
le	630.000000	0.800000
modèle.	631.000000	0.800000
ce	632.000000	0.800000
n'est	633.000000	0.800000
pas	634.000000	0.800000
ma	635.000000	0.800000
faute.	636.000000	0.800000
j'avais	637.000000	0.800000
été	638.000000	0.800000
découragé	639.000000	0.800000
dans	640.000000	0.800000
ma	641.000000	0.800000
carrière	642.000000	0.800000
de	643.000000	0.800000
peintre	644.000000	0.800000
par	645.000000	0.800000
les	646.000000	0.800000
grandes	647.000000	0.800000
personnes,	648.000000	0.800000
à	649.000000	0.800000
l'âge	650.000000	0.800000
de	651.000000	0.800000
six	652.000000	0.800000
ans,	653.000000	0.800000
et	654.000000	0.800000
je	655.000000	0.800000
n'avais	656.000000	0.800000
rien	657.000000	0.800000
appris	658.000000	0.800000
à	659.000000	0.800000
dessiner,	660.000000	0.800000
sauf	661.000000	0.800000
les	662.000000	0.800000
boas	663.000000	0.800000
fermés	664.000000	0.800000
et	665.000000	0.800000
les	666.000000	0.800000
boas	667.000000	0.800000
ouverts.	668.000000	0.800000
je	669.000000	0.800000
regardai	670.000000	0.800000
donc	671.000000	0.800000
cette	672.000000	0.800000
apparition	673.000000	0.800000
avec	674.000000	0.800000
des	675.000000	0.800000
yeux	676.000000	0.800000
tout	677.000000	0.800000
ronds	678.000000	0.800000
d'étonnement.	679.000000	0.800000
n'oubliez	680.000000	0.800000
pas	681.000000	0.800000
que	682.000000	0.800000
je	683.000000	0.800000
me	684.000000	0.800000
trouvais	685.000000	0.800000
à	686.000000	0.800000
mille	687.000000	0.800000
milles	688.000000	0.800000
de	689.000000	0.800000
toute	690.000000	0.800000
région	691.000000	0.800000
habitée.	692.000000	0.800000
or	693.000000	0.800000
mon	694.000000	0.800000
petit	695.000000	0.800000
bonhomme	696.000000	0.800000
ne	697.000000	0.800000
me	698.000000	0.800000
semblait	699.000000	0.800000
ni	700.000000	0.800000
égaré,	701.000000	0.800000
ni	702.000000	0.800000
mort	703.000000	0.800000
de	704.000000	0.800000
fatigue,	705.000000	0.800000
ni	706.000000	0.800000
mort	707.000000	0.800000
de	708.000000	0.800000
faim,	709.000000	0.800000
ni	710.000000	0.800000
mort	711.000000	0.800000
de	712.000000	0.800000
soif,	713.000000	0.800000
ni	714.000000	0.800000
mort	715.000000	0.800000
de	716.000000	0.800000
peur.	717.000000	0.800000
il	718.000000	0.800000
n'avait	719.000000	0.800000
en	720.000000	0.800000
rien	721.000000	0.800000
l'apparence	722.000000	0.800000
d'un	723.000000	0.800000
enfant	724.000000	0.800000
perdu	725.000000	0.800000
au	726.000000	0.800000
milieu	727.000000	0.800000
du	728.000000	0.800000
désert,	729.000000	0.800000
à	730.000000	0.800000
mille	731.000000	0.800000
milles	732.000000	0.800000
de	733.000000	0.800000
toute	734.000000	0.800000
région	735.000000	0.800000
habitée.	736.000000	0.800000
quand	737.000000	0.800000
je	738.000000	0.800000
réussis	739.000000	0.800000
enfin	740.000000	0.800000
à	741.000000	0.800000
parler,	742.000000	0.800000
je	743.000000	0.800000
lui	744.000000	0.800000
dis:	745.000000	0.800000
"mais...	746.000000	0.800000
qu'est-ce	747.000000	0.800000
que	748.000000	0.800000
tu	749.000000	0.800000
fais	750.000000	0.800000
là?"	751.000000	0.800000
et	752.000000	0.800000
il	753.000000	0.800000
me	754.000000	0.800000
répéta	755.000000	0.800000
alors,	756.000000	0.800000
tout	757.000000	0.800000
doucement,	758.000000	0.800000
comme	759.000000	0.800000
une	760.000000	0.800000
chose	761.000000	0.800000
très	762.000000	0.800000
sérieuse	763.000000	0.800000
:	764.000000	0.800000
"s'il	765.000000	0.800000
vous	766.000000	0.800000
plaît...	767.000000	0.800000
dessine-moi	768.000000	0.800000
un	769.000000	0.800000
mouton..."	770.000000	0.800000
quand	771.000000	0.800000
le	772.000000	0.800000
mystère	773.000000	0.800000
est	774.000000	0.800000
trop	775.000000	0.800000
impressionnant,	776.000000	0.800000
on	777.000000	0.800000
n'ose	778.000000	0.800000
pas	779.000000	0.800000
désobéir.	780.000000	0.800000
aussi	781.000000	0.800000
absurde	782.000000	0.800000
que	783.000000	0.800000
cela	784.000000	0.800000
me	785.000000	0.800000
semblât	786.000000	0.800000
à	787.000000	0.800000
mille	788.000000	0.800000
milles	789.000000	0.800000
de	790.000000	0.800000
tous	791.000000	0.800000
les	792.000000	0.800000
endroits	793.000000	0.800000
habités	794.000000	0.800000
et	795.000000	0.800000
en	796.000000	0.800000
danger	797.000000	0.800000
de	798.000000	0.800000
mort,	799.000000	0.800000
je	800.000000	0.800000
sortis	801.000000	0.800000
de	802.000000	0.800000
ma	803.000000	0.800000
poche	804.000000	0.800000
une	805.000000	0.800000
feuille	806.000000	0.800000
de	807.000000	0.800000
papier	808.000000	0.800000
et	809.000000	0.800000
un	810.000000	0.800000
stylographe.	811.000000	0.800000
mais	812.000000	0.800000
je	813.000000	0.800000
me	814.000000	0.800000
rappelai	815.000000	0.800000
alors	816.000000	0.800000
que	817.000000	0.800000
j'avais	818.000000	0.800000
surtout	819.000000	0.800000
étudié	820.000000	0.800000
la	821.000000	0.800000
géographie,	822.000000	0.800000
l'histoire,	823.000000	0.800000
le	824.000000	0.800000
calcul	825.000000	0.800000
et	826.000000	0.800000
la	827.000000	0.800000
grammaire	828.000000	0.800000
et	829.000000	0.800000
je	830.000000	0.800000
dis	831.000000	0.800000
au	832.000000	0.800000
petit	833.000000	0.800000
bonhomme	834.000000	0.800000
avec	835.000000	0.800000
un	836.000000	0.800000
peu	837.000000	0.800000
de	838.000000	0.800000
mauvaise	839.000000	0.800000
humeur	840.000000	0.800000
que	841.000000	0.800000
je	842.000000	0.800000
ne	843.000000	0.800000
savais	844.000000	0.800000
pas	845.000000	0.800000
dessiner.	846.000000	0.800000
il	847.000000	0.800000
me	848.000000	0.800000
répondit	849.000000	0.800000
:	850.000000	0.800000
"ça	851.000000	0.800000
ne	852.000000	0.800000
fait	853.000000	0.800000
rien.	854.000000	0.800000
dessine-moi	855.000000	0.800000
un	856.000000	0.800000
mouton."	857.000000	0.800000
comme	858.000000	0.800000
je	859.000000	0.800000
n'avais	860.000000	0.800000
jamais	861.000000	0.800000
dessiné	862.000000	0.800000
un	863.000000	0.800000
mouton	864.000000	0.800000
je	865.000000	0.800000
refis,	866.000000	0.800000
pour	867.000000	0.800000
lui,	868.000000	0.800000
l'un	869.000000	0.800000
des	870.000000	0.800000
deux	871.000000	0.800000
seuls	872.000000	0.800000
dessins	873.000000	0.800000
dont	874.000000	0.800000
j'étais	875.000000	0.800000
capable.	876.000000	0.800000
celui	877.000000	0.800000
du	878.000000	0.800000
boa	879.000000	0.800000
fermé.	880.000000	0.800000
et	881.000000	0.800000
je	882.000000	0.800000
fus	883.000000	0.800000
stupéfait	884.000000	0.800000
d'entendre	885.000000	0.800000
le	886.000000	0.800000
petit	887.000000	0.800000
bonhomme	888.000000	0.800000
me	889.000000	0.800000
répondre	890.000000	0.800000
:	891.000000	0.800000
"non!	892.000000	0.800000
non!	893.000000	0.800000
je	894.000000	0.800000
ne	895.000000	0.800000
veux	896.000000	0.800000
pas	897.000000	0.800000
d'un	898.000000	0.800000
éléphant	899.000000	0.800000
dans	900.000000	0.800000
un	901.000000	0.800000
boa.	902.000000	0.800000
un	903.000000	0.800000
boa	904.000000	0.800000
c'est	905.000000	0.800000
très	906.000000	0.800000
dangereux,	907.000000	0.800000
et	908.000000	0.800000
un	909.000000	0.800000
éléphant	910.000000	0.800000
c'est	911.000000	0.800000
très	912.000000	0.800000
encombrant.	913.000000	0.800000
chez	914.000000	0.800000
moi	915.000000	0.800000
c'est	916.000000	0.800000
tout	917.000000	0.800000
petit.	918.000000	0.800000
j'ai	919.000000	0.800000
besoin	920.000000	0.800000
d'un	921.000000	0.800000
mouton.	922.000000	0.800000
dessine-moi	923.000000	0.800000
un	924.000000	0.800000
mouton."	925.000000	0.800000
alors	926.000000	0.800000
j'ai	927.000000	0.800000
dessiné.	928.000000	0.800000
il	929.000000	0.800000
regarda	930.000000	0.800000
attentivement,	931.000000	0.800000
puis	932.000000	0.800000
:	933.000000	0.800000
"non!	934.000000	0.800000
celui-là	935.000000	0.800000
est	936.000000	0.800000
très	937.000000	0.800000
malade.	938.000000	0.800000
fais-en	939.000000	0.800000
un	940.000000	0.800000
autre."	941.000000	0.800000
je	942.000000	0.800000
dessinai	943.000000	0.800000
:	944.000000	0.800000
mon	945.000000	0.800000
ami	946.000000	0.800000
sourit	947.000000	0.800000
gentiment,	948.000000	0.800000
avec	949.000000	0.800000
indulgence	950.000000	0.800000
:	951.000000	0.800000
"tu	952.000000	0.800000
vois	953.000000	0.800000
bien...	954.000000	0.800000
ce	955.000000	0.800000
n'est	956.000000	0.800000
pas	957.000000	0.800000
un	958.000000	0.800000
mouton,	959.000000	0.800000
c'est	960.000000	0.800000
un	961.000000	0.800000
bélier.	962.000000	0.800000
il	963.000000	0.800000
a	964.000000	0.800000
des	965.000000	0.800000
cornes..."	966.000000	0.800000
je	967.000000	0.800000
refis	968.000000	0.800000
donc	969.000000	0.800000
encore	970.000000	0.800000
mon	971.000000	0.800000
dessin	972.000000	0.800000
:	973.000000	0.800000
mais	974.000000	0.800000
il	975.000000	0.800000
fut	976.000000	0.800000
refusé,	977.000000	0.800000
comme	978.000000	0.800000
les	979.000000	0.800000
précédents	980.000000	0.800000
:	981.000000	0.800000
"celui-là	982.000000	0.800000
est	983.000000	0.800000
trop	984.000000	0.800000
vieux.	985.000000	0.800000
je	986.000000	0.800000
veux	987.000000	0.800000
un	988.000000	0.800000
mouton	989.000000	0.800000
qui	990.000000	0.800000
vive	991.000000	0.800000
longtemps."	992.000000	0.800000
alors,	993.000000	0.800000
faute	994.000000	0.800000
de	995.000000	0.800000
patience,	996.000000	0.800000
comme	997.000000	0.800000
j'avais	998.000000	0.800000
hâte	999.000000	0.800000
de	1000.000000	0.800000
commencer	1001.000000	0.800000
le	1002.000000	0.800000
démontage	1003.000000	0.800000
de	1004.000000	0.800000
mon	1005.000000	0.800000
moteur,	1006.000000	0.800000
je	1007.000000	0.800000
griffonnai	1008.000000	0.800000
ce	1009.000000	0.800000
dessin-ci	1010.000000	0.800000
:	1011.000000	0.800000
et	1012.000000	0.800000
je	1013.000000	0.800000
lançai	1014.000000	0.800000
:	1015.000000	0.800000
"ça	1016.000000	0.800000
c'est	1017.000000	0.800000
la	1018.000000	0.800000
caisse.	1019.000000	0.800000
le	1020.000000	0.800000
mouton	1021.000000	0.800000
que	1022.000000	0.800000
tu	1023.000000	0.800000
veux	1024.000000	0.800000
est	1025.000000	0.800000
dedans."	1026.000000	0.800000
mais	1027.000000	0.800000
je	1028.000000	0.800000
fus	1029.000000	0.800000
bien	1030.000000	0.800000
surpris	1031.000000	0.800000
de	1032.000000	0.800000
voir	1033.000000	0.800000
s'illuminer	1034.000000	0.800000
le	1035.000000	0.800000
visage	1036.000000	0.800000
de	1037.000000	0.800000
mon	1038.000000	0.800000
jeune	1039.000000	0.800000
juge	1040.000000	0.800000
:	1041.000000	0.800000
"c'est	1042.000000	0.800000
tout	1043.000000	0.800000
a	1044.000000	0.800000
fait	1045.000000	0.800000
comme	1046.000000	0.800000
ça	1047.000000	0.800000
que	1048.000000	0.800000
je	1049.000000	0.800000
le	1050.000000	0.800000
voulais!	1051.000000	0.800000
crois-tu	1052.000000	0.800000
qu'il	1053.000000	0.800000
faille	1054.000000	0.800000
beaucoup	1055.000000	0.800000
d'herbe	1056.000000	0.800000
à	1057.000000	0.800000
ce	1058.000000	0.800000
mouton?	1059.000000	0.800000
-	1060.000000	0.800000
pourquoi?	1061.000000	0.800000
-	1062.000000	0.800000
parce	1063.000000	0.800000
que	1064.000000	0.800000
chez	1065.000000	0.800000
moi	1066.000000	0.800000
c'est	1067.000000	0.800000
tout	1068.000000	0.800000
petit...	1069.000000	0.800000
-	1070.000000	0.800000
ça	1071.000000	0.800000
suffira	1072.000000	0.800000
sûrement.	1073.000000	0.800000
je	1074.000000	0.800000
t'ai	1075.000000	0.800000
donné	1076.000000	0.800000
un	1077.000000	0.800000
tout	1078.000000	0.800000
petit	1079.000000	0.800000
mouton."	1080.000000	0.800000
il	1081.000000	0.800000
pencha	1082.000000	0.800000
la	1083.000000	0.800000
tête	1084.000000	0.800000
vers	1085.000000	0.800000
le	1086.000000	0.800000
dessin	1087.000000	0.800000
:	1088.000000	0.800000
"pas	1089.000000	0.800000
si	1090.000000	0.800000
petit	1091.000000	0.800000
que	1092.000000	0.800000
ça...	1093.000000	0.800000
tiens!	1094.000000	0.800000
il	1095.000000	0.800000
s'est	1096.000000	0.800000
endormi..."	1097.000000	0.800000
et	1098.000000	0.800000
c'est	1099.000000	0.800000
ainsi	1100.000000	0.800000
que	1101.000000	0.800000
je	1102.000000	0.800000
fis	1103.000000	0.800000
la	1104.000000	0.800000
connaissance	1105.000000	0.800000
du	1106.000000	0.800000
petit	1107.000000	0.800000
prince.	1108.000000	0.800000
il	1109.000000	0.800000
me	1110.000000	0.800000
fallut	1111.000000	0.800000
longtemps	1112.000000	0.800000
pour	1113.000000	0.800000
comprendre	1114.000000	0.800000
d'où	1115.000000	0.800000
il	1116.000000	0.800000
venait.	1117.000000	0.800000
le	1118.000000	0.800000
petit	1119.000000	0.800000
prince,	1120.000000	0.800000
qui	1121.000000	0.800000
me	1122.000000	0.800000
posait	1123.000000	0.800000
beaucoup	1124.000000	0.800000
de	1125.000000	0.800000
questions,	1126.000000	0.800000
ne	1127.000000	0.800000
semblait	1128.000000	0.800000
jamais	1129.000000	0.800000
entendre	1130.000000	0.800000
les	1131.000000	0.800000
miennes.	1132.000000	0.800000
ce	1133.000000	0.800000
sont	1134.000000	0.800000
des	1135.000000	0.800000
mots	1136.000000	0.800000
prononcés	1137.000000	0.800000
par	1138.000000	0.800000
hasard	1139.000000	0.800000
qui,	1140.000000	0.800000
peu	1141.000000	0.800000
à	1142.000000	0.800000
peu,	1143.000000	0.800000
m'ont	1144.000000	0.800000
tout	1145.000000	0.800000
révélé.	1146.000000	0.800000
ainsi,	1147.000000	0.800000
quand	1148.000000	0.800000
il	1149.000000	0.800000
aperçut	1150.000000	0.800000
pour	1151.000000	0.800000
la	1152.000000	0.800000
première	1153.000000	0.800000
fois	1154.000000	0.800000
mon	1155.000000	0.800000
avion,	1156.000000	0.800000
je	1157.000000	0.800000
ne	1158.000000	0.800000
dessinerai	1159.000000	0.800000
pas	1160.000000	0.800000
mon	1161.000000	0.800000
avion,	1162.000000	0.800000
c'est	1163.000000	0.800000
un	1164.000000	0.800000
dessin	1165.000000	0.800000
beaucoup	1166.000000	0.800000
trop	1167.000000	0.800000
compliqué	1168.000000	0.800000
pour	1169.000000	0.800000
moi,	1170.000000	0.800000
il	1171.000000	0.800000
me	1172.000000	0.800000
demanda	1173.000000	0.800000
:	1174.000000	0.800000
"qu'est-ce	1175.000000	0.800000
que	1176.000000	0.800000
c'est	1177.000000	0.800000
que	1178.000000	0.800000
cette	1179.000000	0.800000
chose-là?	1180.000000	0.800000
-	1181.000000	0.800000
ce	1182.000000	0.800000
n'est	1183.000000	0.800000
pas	1184.000000	0.800000
une	1185.000000	0.800000
chose.	1186.000000	0.800000
ça	1187.000000	0.800000
vole.	1188.000000	0.800000
c'est	1189.000000	0.800000
un	1190.000000	0.800000
avion.	1191.000000	0.800000
c'est	1192.000000	0.800000
mon	1193.000000	0.800000
avion."	1194.000000	0.800000
et	1195.000000	0.800000
j'étais	1196.000000	0.800000
fier	1197.000000	0.800000
de	1198.000000	0.800000
lui	1199.000000	0.800000
apprendre	1200.000000	0.800000
que	1201.000000	0.800000
je	1202.000000	0.800000
volais.	1203.000000	0.800000
alors	1204.000000	0.800000
il	1205.000000	0.800000
s'écria	1206.000000	0.800000
:	1207.000000	0.800000
"comment!	1208.000000	0.800000
tu	1209.000000	0.800000
es	1210.000000	0.800000
tombé	1211.000000	0.800000
du	1212.000000	0.800000
ciel!	1213.000000	0.800000
-	1214.000000	0.800000
oui,	1215.000000	0.800000
fis-je	1216.000000	0.800000
modestement.	1217.000000	0.800000
-	1218.000000	0.800000
ah!	1219.000000	0.800000
ça	1220.000000	0.800000
c'est	1221.000000	0.800000
drôle!..."	1222.000000	0.800000
et	1223.000000	0.800000
le	1224.000000	0.800000
petit	1225.000000	0.800000
prince	1226.000000	0.800000
eut	1227.000000	0.800000
un	1228.000000	0.800000
très	1229.000000	0.800000
joli	1230.000000	0.800000
éclat	1231.000000	0.800000
de	1232.000000	0.800000
rire	1233.000000	0.800000
qui	1234.000000	0.800000
m'irrita	1235.000000	0.800000
beaucoup.	1236.000000	0.800000
je	1237.000000	0.800000
désire	1238.000000	0.800000
que	1239.000000	0.800000
l'on	1240.000000	0.800000
prenne	1241.000000	0.800000
mes	1242.000000	0.800000
malheurs	1243.000000	0.800000
au	1244.000000	0.800000
sérieux.	1245.000000	0.800000
puis	1246.000000	0.800000
il	1247.000000	0.800000
ajouta	1248.000000	0.800000
:	1249.000000	0.800000
"alors,	1250.000000	0.800000
toi	1251.000000	0.800000
aussi	1252.000000	0.800000
tu	1253.000000	0.800000
viens	1254.000000	0.800000
du	1255.000000	0.800000
ciel!	1256.000000	0.800000
de	1257.000000	0.800000
quelle	1258.000000	0.800000
planète	1259.000000	0.800000
es-tu?"	1260.000000	0.800000
j'entrevis	1261.000000	0.800000
aussitôt	1262.000000	0.800000
une	1263.000000	0.800000
lueur,	1264.000000	0.800000
dans	1265.000000	0.800000
le	1266.000000	0.800000
mystère	1267.000000	0.800000
de	1268.000000	0.800000
sa	1269.000000	0.800000
présence,	1270.000000	0.800000
et	1271.000000	0.800000
j'interrogeai	1272.000000	0.800000
brusquement	1273.000000	0.800000
:	1274.000000	0.800000
"tu	1275.000000	0.800000
viens	1276.000000	0.800000
donc	1277.000000	0.800000
d'une	1278.000000	0.800000
autre	1279.000000	0.800000
planète?"	1280.000000	0.800000
mais	1281.000000	0.800000
il	1282.000000	0.800000
ne	1283.000000	0.800000
me	1284.000000	0.800000
répondit	1285.000000	0.800000
pas.	1286.000000	0.800000
il	1287.000000	0.800000
hochait	1288.000000	0.800000
la	1289.000000	0.800000
tête	1290.000000	0.800000
doucement	1291.000000	0.800000
tout	1292.000000	0.800000
en	1293.000000	0.800000
regardant	1294.000000	0.800000
mon	1295.000000	0.800000
avion	1296.000000	0.800000
:	1297.000000	0.800000
"c'est	1298.000000	0.800000
vrai	1299.000000	0.800000
que,	1300.000000	0.800000
là-dessus,	1301.000000	0.800000
tu	1302.000000	0.800000
ne	1303.000000	0.800000
peux	1304.000000	0.800000
pas	1305.000000	0.800000
venir	1306.000000	0.800000
de	1307.000000	0.800000
bien	1308.000000	0.800000
loin..."	1309.000000	0.800000
et	1310.000000	0.800000
il	1311.000000	0.800000
s'enfonça	1312.000000	0.800000
dans	1313.000000	0.800000
une	1314.000000	0.800000
rêverie	1315.000000	0.800000
qui	1316.000000	0.800000
dura	1317.000000	0.800000
longtemps.	1318.000000	0.800000
puis,	1319.000000	0.800000
sortant	1320.000000	0.800000
mon	1321.000000	0.800000
mouton	1322.000000	0.800000
de	1323.000000	0.800000
sa	1324.000000	0.800000
poche,	1325.000000	0.800000
il	1326.000000	0.800000
se	1327.000000	0.800000
plongea	1328.000000	0.800000
dans	1329.000000	0.800000
la	1330.000000	0.800000
contemplation	1331.000000	0.800000
de	1332.000000	0.800000
son	1333.000000	0.800000
trésor.	1334.000000	0.800000
vous	1335.000000	0.800000
imaginez	1336.000000	0.800000
combien	1337.000000	0.800000
j'avais	1338.000000	0.800000
pu	1339.000000	0.800000
être	1340.000000	0.800000
intrigué	1341.000000	0.800000
par	1342.000000	0.800000
cette	1343.000000	0.800000
demi-confidence	1344.000000	0.800000
sur	1345.000000	0.800000
"les	1346.000000	0.800000
autres	1347.000000	0.800000
planètes".	1348.000000	0.800000
je	1349.000000	0.800000
m'efforçai	1350.000000	0.800000
donc	1351.000000	0.800000
d'en	1352.000000	0.800000
savoir	1353.000000	0.800000
plus	1354.000000	0.800000
long	1355.000000	0.800000
:	1356.000000	0.800000
"d'où	1357.000000	0.800000
viens-tu,	1358.000000	0.800000
mon	1359.000000	0.800000
petit	1360.000000	0.800000
bonhomme?	1361.000000	0.800000
où	1362.000000	0.800000
est-ce	1363.000000	0.800000
"chez	1364.000000	0.800000
toi"?	1365.000000	0.800000
où	1366.000000	0.800000
veux-tu	1367.000000	0.800000
emporter	1368.000000	0.800000
mon	1369.000000	0.800000
mouton?"	1370.000000	0.800000
il	1371.000000	0.800000
me	1372.000000	0.800000
répondit	1373.000000	0.800000
après	1374.000000	0.800000
un	1375.000000	0.800000
silence	1376.000000	0.800000
méditatif	1377.000000	0.800000
:	1378.000000	0.800000
"ce	1379.000000	0.800000
qui	1380.000000	0.800000
est	1381.000000	0.800000
bien,	1382.000000	0.800000
avec	1383.000000	0.800000
la	1384.000000	0.800000
caisse	1385.000000	0.800000
que	1386.000000	0.800000
tu	1387.000000	0.800000
m'as	1388.000000	0.800000
donnée,	1389.000000	0.800000
c'est	1390.000000	0.800000
que,	1391.000000	0.800000
la	1392.000000	0.800000
nuit,	1393.000000	0.800000
ça	1394.000000	0.800000
lui	1395.000000	0.800000
servira	1396.000000	0.800000
de	1397.000000	0.800000
maison.	1398.000000	0.800000
-	1399.000000	0.800000
bien	1400.000000	0.800000
sûr.	1401.000000	0.800000
et	1402.000000	0.800000
si	1403.000000	0.800000
tu	1404.000000	0.800000
es	1405.000000	0.800000
gentil,	1406.000000	0.800000
je	1407.000000	0.800000
te	1408.000000	0.800000
donnerai	1409.000000	0.800000
aussi	1410.000000	0.800000
une	1411.000000	0.800000
corde	1412.000000	0.800000
pour	1413.000000	0.800000
l'attacher	1414.000000	0.800000
pendant	1415.000000	0.800000
le	1416.000000	0.800000
jour.	1417.000000	0.800000
et	1418.000000	0.800000
un	1419.000000	0.800000
piquet."	1420.000000	0.800000
la	1421.000000	0.800000
proposition	1422.000000	0.800000
parut	1423.000000	0.800000
choquer	1424.000000	0.800000
le	1425.000000	0.800000
petit	1426.000000	0.800000
prince	1427.000000	0.800000
:	1428.000000	0.800000
"l'attacher?	1429.000000	0.800000
quelle	1430.000000	0.800000
drôle	1431.000000	0.800000
d'idée!	1432.000000	0.800000
-	1433.000000	0.800000
mais	1434.000000	0.800000
si	1435.000000	0.800000
tu	1436.000000	0.800000
ne	1437.000000	0.800000
l'attaches	1438.000000	0.800000
pas,	1439.000000	0.800000
il	1440.000000	0.800000
ira	1441.000000	0.800000
n'importe	1442.000000	0.800000
où,	1443.000000	0.800000
et	1444.000000	0.800000
il	1445.000000	0.800000
se	1446.000000	0.800000
perdra."	1447.000000	0.800000
et	1448.000000	0.800000
mon	1449.000000	0.800000
ami	1450.000000	0.800000
eut	1451.000000	0.800000
un	1452.000000	0.800000
nouvel	1453.000000	0.800000
éclat	1454.000000	0.800000
de	1455.000000	0.800000
rire	1456.000000	0.800000
:	1457.000000	0.800000
"mais	1458.000000	0.800000
où	1459.000000	0.800000
veux-tu	1460.000000	0.800000
qu'il	1461.000000	0.800000
aille!	1462.000000	0.800000
-	1463.000000	0.800000
n'importe	1464.000000	0.800000
où.	1465.000000	0.800000
droit	1466.000000	0.800000
devant	1467.000000	0.800000
lui..."	1468.000000	0.800000
alors	1469.000000	0.800000
le	1470.000000	0.800000
petit	1471.000000	0.800000
prince	1472.000000	0.800000
remarqua	1473.000000	0.800000
gravement	1474.000000	0.800000
:	1475.000000	0.800000
"ça	1476.000000	0.800000
ne	1477.000000	0.800000
fait	1478.000000	0.800000
rien,	1479.000000	0.800000
c'est	1480.000000	0.800000
tellement	1481.000000	0.800000
petit,	1482.000000	0.800000
chez	1483.000000	0.800000
moi!"	1484.000000	0.800000
et,	1485.000000	0.800000
avec	1486.000000	0.800000
un	1487.000000	0.800000
peu	1488.000000	0.800000
de	1489.000000	0.800000
mélancolie,	1490.000000	0.800000
peut-être,	1491.000000	0.800000
il	1492.000000	0.800000
ajouta	1493.000000	0.800000
:	1494.000000	0.800000
"droit	1495.000000	0.800000
devant	1496.000000	0.800000
soi	1497.000000	0.800000
on	1498.000000	0.800000
ne	1499.000000	0.800000
peut	1500.000000	0.800000
pas	1501.000000	0.800000
aller	1502.000000	0.800000
bien	1503.000000	0.800000
loin..."	1504.000000	0.800000
